file,affiliate,state,year,page,ocr,emp_hit,date_hit,emp,date,status
Albuquerque NM_IRS 990_2019.pdf,Albuquerque NM,NM,2019,2,TRUE,"=| 5 Total number of individuals employed in calendar year 2018 (Part V, line 2a) 15 | 40","A For the 2018 calendar year, or tax year beginning O7/0O1/18 ,andending 06/30/19 -",40,06/30/19,Good match
Alliance Area OH_IRS 990_2019.pdf,Alliance Area OH,OH,2019,3,TRUE,"5 5 Total number of individuals employed in calendar year 2018 (Part V, line2a)) 5 | 2","A For the 2018 calendar year, or tax year beginning 07/01/18 andending 06/30/19",2,06/30/19,Good match
Austin TX_IRS 990_2019.pdf,Austin TX,TX,2019,1,FALSE,"5 Total number of individuals employed in calendar year 2018 (Part V, line 2a) ~~~~~~~~~~~~~~~~ 5 91","A For the 2018 calendar year, or tax year beginning and ending",91,,Good match
Autauga and Chilton Counties AL_IRS 990_2019.pdf,Autauga and Chilton Counties AL,AL,2019,3,TRUE,"=| 5 Total number of individuals employed in calendar year 2018 (Part V, line 2a) (asi ststi‘<‘;;;!;!!C (Cd Cz]","A_For the 2018 calendar year, or tax year beginning 07/01/18 andending 06/30/19",5,06/30/19,Good match
Bay-Waveland MS_IRS 990_2019.pdf,Bay-Waveland MS,MS,2019,1,TRUE,"-2| 5 Total number of individuals employed in calendar year 2018 (Part V, line 2a)..... 00.0. c cece cece eee a ee | S| 8","A For the 2018 calendar year, or tax year beginning 7/01 , 2018, and ending 6/30 », 2019",8,"6/30 », 2019",Good match
Bay Waveland MS_IRS 990_2019.pdf,Bay Waveland MS,MS,2019,1,TRUE,"-2| 5 Total number of individuals employed in calendar year 2018 (Part V, line 2a)..... 00.0. c cece cece eee a ee | S| 8","A For the 2018 calendar year, or tax year beginning 7/01 , 2018, and ending 6/30 », 2019",8,"6/30 », 2019",Good match
Beaches FL_IRS 990_2018.pdf,Beaches FL,FL,2018,2,TRUE,"> 5 Total number of individuals employed in calendar year 2017 (Part V, line 2a) Oo 5 24","A__For the 2017 calendar year, or tax year beginning 07/01/17 ,andending 06/30/18",24,06/30/18,Good match
Brevard County FL_IRS 990_2019.pdf,Brevard County FL,FL,2019,4,FALSE,"5 Total number of individuals employed in calendar year 2018 (Part V, line 2a) ......................................... 5 38","A For the 2018 calendar year, or tax year beginning 07/01/18 , and ending 06/30/19",38,06/30/19,Good match
Brookings Area SD_IRS 990_2019.pdf,Brookings Area SD,SD,2019,1,TRUE,"=| 5 Total number of individuals employed in calendar year 2018 (Part V, line 2a)....0... 0... PB 15",NA,15,NA,Employment only match
Brunswick County NC_IRS 990_2019.pdf,Brunswick County NC,NC,2019,1,TRUE,"2} 5 Total number of individuals employed in calendar year 2018 (Part V, line 2a)............cceeeeeee eee | BL 36","A For the 2018 calendar year, or tax year beginning 7/01 , 2018, and ending 6/30 , 2019",36,"6/30 , 2019",Good match
Bucks County PA_IRS 990_2019.PDF,Bucks County PA,PA,2019,5,TRUE,"@ | & Total number of individuals employed in calendar year 2018 (Part V, line 2a) ieececcccce cee. 5 | 61","A For the 2018 calendar year, or tax year beginning JUL 1, 2018 andending JUN 30, 2019",61,"JUN 30, 2019",Good match
Caldwell County NC_IRS 990_2018.pdf,Caldwell County NC,NC,2018,2,FALSE,"5 Total number of individuals employed in calendar year 2017 (Part V, line 2a) ~~~~~~~~~~~~~~~~ 5 16","A For the 2017 calendar year, or tax year beginning JUL 1, 2017 and ending JUN 30, 2018",16,"JUN 30, 2018",Good match
Camden County GA_IRS 990_2019.pdf,Camden County GA,GA,2019,6,TRUE,"” 5 Total number of individuals employed in calendar year 2018 (Part V, line 2a) iceceeeeeeeeeeeeeeeee: 5 | 16","A For the 2018 calendar year, or tax year beginning JUL 1, 2018 andending JUN 30, 2019",16,"JUN 30, 2019",Good match
Cape May County NJ_IRS 990_2019.pdf,Cape May County NJ,NJ,2019,5,TRUE,"5 Total number of individuals employed in calendar year 2018 (Part V, line 2a) = i t—“‘(‘w;‘CrSYTSC ZS","A_For the 2018 calendar year, or tax year beginning 07/01/18 | andending 06/30/19",5,06/30/19,Good match
Central Arizona AZ_IRS 990_2019.pdf,Central Arizona AZ,AZ,2019,1,TRUE,"% | 5 Total number of individuals employed in calendar year 2018 (Part V, line 2a) cc cceccceceeeeeeeeeee. 5 | 122","A For the 2018 calendar year, or tax year beginning JUL 1, 2018 andending JUN 30, 2019",122,"JUN 30, 2019",Good match
Central Minnesota MN_IRS 990_2019.pdf,Central Minnesota MN,MN,2019,1,TRUE,"@ | 5 Total number of individuals employed in calendar year 2018 (Part V,line2a) ss stsisi‘ists‘sSsSCsidr Cw ST 141","A For the 2018 calendar year, or tax year beginning JUL 1, 2018 andending JUN 30, 2019",141,"JUN 30, 2019",Good match
Central South Carolina SC_IRS 990_2019.pdf,Central South Carolina SC,SC,2019,1,TRUE,"‘S| 5 Total number of individuals employed in calendar year 2018 (PartV, line 2a) ee |","A_For the 2018 calendar year, or tax year beginning O7/01/18 | andending 06/30/19",5,06/30/19,Good match
Charlotte County FL_IRS 990_2019.pdf,Charlotte County FL,FL,2019,1,TRUE,"$ 5 Total number of individuals employed in calendar year 2018 (Part V, line 2a) | 5 | 718","A For the 2018 calendar year, or tax year beginning 07/01/18 ,andending 06/30/19",718,06/30/19,Good match
Charlotte NC_IRS 990_2019.pdf,Charlotte NC,NC,2019,4,FALSE,"5 Total number of individuals employed in calendar year 2018 (Part V, line 2a) ~~~~~~~~~~~~~~~~ 5 160","A For the 2018 calendar year, or tax year beginning JUL 1, 2018 and ending JUN 30, 2019",160,"JUN 30, 2019",Multiple matches differing INSPECT
Charlotte NC_IRS 990_2019.pdf,Charlotte NC,NC,2019,71,FALSE,"5 Total number of individuals employed in calendar year 2018 (Part V, line 2a) . . . . . . . . . . . . . . . . . . . . . . . . . . 5 89","A For the 2018 calendar year, or tax year beginning 7/01 , 2018, and ending 6/30 , 2019",89,"6/30 , 2019",Multiple matches differing INSPECT
Chattanooga Area Greater TN_IRS 990_2019.pdf,Chattanooga Area Greater TN,TN,2019,1,FALSE,"5 Total number of individuals employed in calendar year 2018 (Part V, line 2a) ~~~~~~~~~~~~~~~~ 5 50","A For the 2018 calendar year, or tax year beginning JUL 1, 2018 and ending JUN 30, 2019",50,"JUN 30, 2019",Good match
Chemung County NY_IRS 990_2019.PDF,Chemung County NY,NY,2019,4,FALSE,"5 Total number of individuals employed in calendar year 2018 (Part V, line 2a) ~~~~~~~~~~~~~~~~ 5 3","A For the 2018 calendar year, or tax year beginning JUL 1, 2018 and ending JUN 30, 2019",3,"JUN 30, 2019",Good match
Cherokee Co SC_IRS 990_2017.pdf,Cherokee Co SC,SC,2017,1,TRUE,"> 5 Total number of individuals employed in calendar year 2016 (PartV, line2a) 5 2","A For the 2016 calendar year, or tax year beginning O7/01/16 ,andending 06/30/17",2,06/30/17,Good match
Choptank MD_IRS 990_2018.pdf,Choptank MD,MD,2018,4,FALSE,"Total number of individuals employed in calendar year 2017 (Part V, line 2a) ~~~~~~~~~~~~~~~~","A For the 2017 calendar year, or tax year beginning JUL 1, 2017 and ending JUN 30, 2018",2017,"JUN 30, 2018",Good match
Cincinnati Greater OH_IRS 990_2019.pdf,Cincinnati Greater OH,OH,2019,3,FALSE,"5 Total number of individuals employed in calendar year 2018 (Part V, line 2a) ~~~~~~~~~~~~~~~~ 5 120","A For the 2018 calendar year, or tax year beginning JUL 1, 2018 and ending JUN 30, 2019",120,"JUN 30, 2019",Good match
Clallam County WA_IRS 990_2019.pdf,Clallam County WA,WA,2019,2,TRUE,"| 5 Total number of individuals employed in calendar year 2018 (Part V, line 2a).......................... 1 5 | 0","A For the 2018 calendar year, or tax year beginning 7/01 , 2018, and ending 6/30 , 2019",0,"6/30 , 2019",Good match
Clare Co MI_IRS 990_2019.pdf,Clare Co MI,MI,2019,2,TRUE,"9 | 5 Total number of individuals employed in calendar year 2018 (Part V, line 2a) octet eects ral A","A For the 2018 calendar year, or tax year beginning JUL 1, 2018 andending JUN 30, 2019",5,"JUN 30, 2019",Good match
Clark and Floyd Indiana IN_IRS 990_2019.pdf,Clark and Floyd Indiana IN,IN,2019,1,TRUE,"= | 5 Total number of individuals employed in calendar year 2018 (Part V, line 2a) eg 8","A__For the 2018 calendar year, or tax year beginning O7/01/18 andending 06/30/19.",8,06/30/19,Good match
Clay County FL_IRS 990_2019.pdf,Clay County FL,FL,2019,2,TRUE,"7 5 Total number of individuals employed in calendar year 2018 (Part V, line 2a) Ps | a4","A__For the 2018 calendar year, or tax year beginning 07/01/18 andending 06/30/19",4,06/30/19,Good match
Cleveland County NC_IRS 990_2019.pdf,Cleveland County NC,NC,2019,1,TRUE,"S| 5 Total number of individuals employed in calendar year 2018 (Part V, line 2a) ec eccc eee. | 5 | 16","A __For the 2018 calendar year, or tax year beginning 07/01/18 ,andending 06/30/19",16,06/30/19,Good match
Cleveland TN_IRS 990_2019.pdf,Cleveland TN,TN,2019,1,FALSE,"5 Total number of individuals employed in calendar year 2018 (Part V, line 2a) . . . . . . . . . . . . . . . . . . . . . . . . . . . . . . . . . . . . . . . 5 19","A For the 2018 calendar year, or tax year beginning 07/01/18 , and ending 06/30/19",19,06/30/19,Good match
Coastal Empire GA_IRS 990_2019.pdf,Coastal Empire GA,GA,2019,1,TRUE,"$ 5 Total number of individuals employed in calendar year 2018 (Part V, line 2a) 0 5 | 15","A For the 2018 calendar year, or tax year beginning 07/01/18 andending 06/30/19",15,06/30/19,Good match
Columbus Lowndes MS_IRS 990_2019.pdf,Columbus Lowndes MS,MS,2019,1,TRUE,"> 5 Total number of individuals employed in calendar year 2018 (PartV, line 2a) | 5 | 1i","A For the 2018 calendar year, or tax year beginning O7/01/18 ,andending 06/30/19",1,06/30/19,Good match
Comal County TX_IRS 990_2019.pdf,Comal County TX,TX,2019,5,TRUE,"= 5 Total number of individuals employed in calendar year 2018 (Part V, line 2a) ee | 5 27","A For the 2018 calendar year, or tax year beginning 07-01 , 2018, and ending 06-30 ,2019",27,"06-30 ,2019",Good match
Council Bluffs IA_IRS 990_2019.pdf,Council Bluffs IA,IA,2019,3,FALSE,"5 Total number of individuals employed in calendar year 2018 (Part V, line 2a) . . . . . . . . . . . . . . . . . . . . . . . . . . . . . . . . . . 5 11","A For the 2018 calendar year, or tax year beginning07/01/18 , and ending 06/30/19",11,06/30/19,Good match
Culpeper VA_IRS 990_2019.pdf,Culpeper VA,VA,2019,1,TRUE,"#1 5 Total number of individuals employed in calendar year 2018 (Part V, ime 2a) cece cence Be 0",NA,0,NA,Employment only match
Cumberland County NJ_IRS 990_2019.pdf,Cumberland County NJ,NJ,2019,4,FALSE,"5 Total number of individuals employed in calendar year 2018 (Part V, line 2a) ~~~~~~~~~~~~~~~~ 5 0","A For the 2018 calendar year, or tax year beginning JUL 1, 2018 and ending JUN 30, 2019",0,"JUN 30, 2019",Good match
Dane County WI_IRS 990_2019.pdf,Dane County WI,WI,2019,1,FALSE,"5 Total number of individuals employed in calendar year 2018 (Part V, line 2a) ~~~~~~~~~~~~~~~~ 5 43","A For the 2018 calendar year, or tax year beginning JUL 1, 2018 and ending JUN 30, 2019",43,"JUN 30, 2019",Good match
Dayton Greater OH_IRS 990_2019.pdf,Dayton Greater OH,OH,2019,3,FALSE,"5 Total number of individuals employed in calendar year 2018 (Part V, line 2a) ~~~~~~~~~~~~~~~~ 5 26","A For the 2018 calendar year, or tax year beginning JUL 1, 2018 and ending JUN 30, 2019",26,"JUN 30, 2019",Good match
Dekalb County IL_IRS 990_2018.pdf,Dekalb County IL,IL,2018,1,TRUE,"2) 5 Total number of individuals employed in calendar year 2017 (Part V, line 2a).......................... | 5 | 0","A For the 2017 calendar year, or tax year beginning 7 /01 , 2017, and ending 6/30 « 2018 | |",0,6/30 « 2018,Good match
Dekalb County IL_IRS 990_2019.pdf,Dekalb County IL,IL,2019,1,TRUE,"2; 5 Total number of individuals employed in calendar year 2018 (Part V, line 2a)......0 0.00. c cece eee eee. | 5 0","A_ For the 2018 calendar year, or tax year beginning 7/01 ,2018,andending 6/30 , 2019",0,"6/30 , 2019",Good match
Des Moines Greater IA_IRS 990_2019.pdf,Des Moines Greater IA,IA,2019,1,TRUE,"@ | & Total number of individuals employed in calendar year 2018 (Part V, line 2a) cece cece. 5 | 113","A For the 2018 calendar year, or tax year beginning JUL 1, 2018 andending JUN 30, 2019",113,"JUN 30, 2019",Good match
Door County WI_IRS 990_2019.pdf,Door County WI,WI,2019,1,TRUE,NA,"A__For the 2018 calendar year, or tax year beginning O7/O01/18 andending 06/30/19 ss",NA,06/30/19,Date only match
Dorchester SC_IRS 990_2019.pdf,Dorchester SC,SC,2019,1,TRUE,"-2| 5 Total number of individuals employed in calendar year 2018 (Part V, line 2a)........... 0. cece eee eee | S| 30","A For the 2018 calendar year, or tax year beginning 7/01 , 2018, and ending 6/30 , 2019",30,"6/30 , 2019",Good match
Douglas County MN_IRS 990_2019.pdf,Douglas County MN,MN,2019,3,FALSE,"5 Total number of individuals employed in calendar year 2018 (Part V, line 2a) ~~~~~~~~~~~~~~~~ 5 9","A For the 2018 calendar year, or tax year beginning JUL 1, 2018 and ending JUN 30, 2019",9,"JUN 30, 2019",Good match
Dublin-Laurens GA_IRS 990_2019.pdf,Dublin-Laurens GA,GA,2019,2,TRUE,"2 | § Total number of individuals employed in calendar year 2018 (Part V,line2a) . . . . | 5 1 |",NA,1,NA,Employment only match
Dubuque Jackson Counties IA_IRS 990_2019.pdf,Dubuque Jackson Counties IA,IA,2019,1,TRUE,"= 5 Total number of individuals employed in calendar year 2018 (Part V, line 2a) (se Wt TW Se eR ESB | 5 2","A __For the 2018 calendar year, or tax year beginning 07-01 __, 2018, and ending 06-30 ,2019 >",2,"06-30 ,2019",Good match
DuPage IL_IRS 990_2018.pdf,DuPage IL,IL,2018,1,FALSE,"5 Total number of individuals employed in calendar year 2017 (Part V, line 2a) ~~~~~~~~~~~~~~~~ 5 28","A For the 2017 calendar year, or tax year beginning JUL 1, 2017 and ending JUN 30, 2018",28,"JUN 30, 2018",Multiple matches look the same - COLLAPSE
DuPage IL_IRS 990_2018.pdf,DuPage IL,IL,2018,76,FALSE,"5 Total number of individuals employed in calendar year 2017 (Part V, line 2a) ~~~~~~~~~~~~~~~~ 5 28","A For the 2017 calendar year, or tax year beginning JUL 1, 2017 and ending JUN 30, 2018",28,"JUN 30, 2018",Multiple matches look the same - COLLAPSE
DuPage IL_IRS 990_2019.pdf,DuPage IL,IL,2019,4,FALSE,"5 Total number of individuals employed in calendar year 2018 (Part V, line 2a) ~~~~~~~~~~~~~~~~ 5 44","A For the 2018 calendar year, or tax year beginning JUL 1, 2018 and ending JUN 30, 2019",44,"JUN 30, 2019",Multiple matches look the same - COLLAPSE
DuPage IL_IRS 990_2019.pdf,DuPage IL,IL,2019,83,FALSE,"5 Total number of individuals employed in calendar year 2018 (Part V, line 2a) ~~~~~~~~~~~~~~~~ 5 44","A For the 2018 calendar year, or tax year beginning JUL 1, 2018 and ending JUN 30, 2019",44,"JUN 30, 2019",Multiple matches look the same - COLLAPSE
East & Central Pasco FL_IRS 990_2019.pdf,East & Central Pasco FL,FL,2019,1,TRUE,"= 5 Total number of individuals employed in calendar year 2018 (Part V, line Zan 7 EI eee ee ee ee | RL _ 37","A For the 2018 calendar year, or tax year beginning 07-O1 , 2018, and ending 06-30 ,2019",37,"06-30 ,2019",Good match
East Polk County FL_IRS 990_2019.pdf,East Polk County FL,FL,2019,2,FALSE,"5 Total number of individuals employed in calendar year 2018 (Part V, line 2a) ~~~~~~~~~~~~~~~~ 5 39","A For the 2018 calendar year, or tax year beginning JUL 1, 2018 and ending JUN 30, 2019",39,"JUN 30, 2019",Good match
Eastern Bighorns WY_IRS 990_2019.pdf,Eastern Bighorns WY,WY,2019,4,FALSE,"5 Total number of individuals employed in calendar year 2018 (Part V, line 2a) . . . . . . . . . . . . . . . . . . . . . . . . . . . . . . . . . . . . . . . 5 12","A For the 2018 calendar year, or tax year beginning 07/01/18 , and ending 06/30/19",12,06/30/19,Good match
Eastern Connecticut CT_IRS 990_2019.pdf,Eastern Connecticut CT,CT,2019,3,TRUE,"% 5 Total number of individuals employed in calendar year 2018 (Part V, line 2a)) eee 5 | 29","A For the 2018 calendar year, or tax year beginning JUL 1, 2018 andending JUN 30, 2019",29,"JUN 30, 2019",Good match
Edisto SC_IRS 990_2019.pdf,Edisto SC,SC,2019,1,FALSE,"5 Total number of individuals employed in calendar year 2018 (Part V, line 2a) . . . . . . . . . . . . . . . . . . . . . . . . . . . . . . . . . . . . . . . . . 5 10","A For the 2018 calendar year, or tax year beginning 07/01/18 , and ending 06/30/19",10,06/30/19,Good match
Elizabeth City NC_IRS 990_2019.pdf,Elizabeth City NC,NC,2019,2,TRUE,= S Total number of individuals employed in calendar year 2018 (Part V. line 2a) 20 we ee a 5 st,"A__For the 2018 calendar year, or tax year beginning , 2018, and ending , 20",5,", 20",Good match
Evansville IN_IRS 990_2019.pdf,Evansville IN,IN,2019,2,TRUE,"@ | 9 Total number of individuals employed in calendar year 2018 (Part V, line2a) I 31","A For the 2018 calendar year, or tax year beginning JUL 1, 2018 andending JUN 30, 2019",31,"JUN 30, 2019",Good match
Evergreen WA_IRS 990_2019.pdf,Evergreen WA,WA,2019,6,FALSE,"5 Total number of individuals employed in calendar year 2018 (Part V, line 2a) . . . . . . . . . . . . . . . . . . . . . . . . . . . . . . . . . . . . . . . 5 12","A For the 2018 calendar year, or tax year beginning 07/01/18 , and ending 06/30/19",12,06/30/19,Good match
Fayetteville NC_IRS 990_2019.pdf,Fayetteville NC,NC,2019,2,TRUE,"S| 5 Total number of individuals employed in calendar year 2018 (PartV, line2a) +—C—S YT § | 18",NA,18,NA,Employment only match
Firelands OH_IRS 990_2019.pdf,Firelands OH,OH,2019,1,TRUE,"= 5 Total number of individuals employed in calendar year 2018 (Part V, line 2a) = 16","A For the 2018 calendar year, or tax year beginning 07/01/18 ,andending 06/30/19",16,06/30/19,Good match
Flatirons CO_IRS 990_2019.pdf,Flatirons CO,CO,2019,6,FALSE,"5 Total number of individuals employed in calendar year 2018 (Part V, line 2a) ~~~~~~~~~~~~~~~~","A For the 2018 calendar year, or tax year beginning JUL 1, 2018 and ending JUN 30, 2019",5,"JUN 30, 2019",Good match
Florence Greater SC_IRS 990_2019.pdf,Florence Greater SC,SC,2019,3,TRUE,"= 5 Total number of individuals employed in calendar year 2018 (Part V, line ay cra Me a a wes ew | 5 | 20","A For the 2018 calendar year, or tax year beginning O7-O1 , 2018, and ending 06-30 ,2019",20,"06-30 ,2019",Good match
Fluvanna County VA_IRS 990_2019.pdf,Fluvanna County VA,VA,2019,6,FALSE,"5 Total number of individuals employed in calendar year 2018 (Part V, line 2a) . . . . . . . . . . . . . . . . . . . . . . . . . . . . . . . . . . . . . . 5 2","A For the 2018 calendar year, or tax year beginning 07/01/18 , and ending 06/30/19",2,06/30/19,Good match
Fort Wayne Greater IN_IRS 990_2019.pdf,Fort Wayne Greater IN,IN,2019,1,FALSE,"5 Total number of individuals employed in calendar year 2018 (Part V, line 2a) . . . . . . . . . . . . . . . . . . . . . . . . . . . . . . . . . . . . . . . 5 70","A For the 2018 calendar year, or tax year beginning 07/01/18 , and ending 06/30/19",70,06/30/19,Good match
Fort Worth TX_IRS 990_2019.pdf,Fort Worth TX,TX,2019,1,FALSE,"5 Total number of individuals employed in calendar year 2018 (Part V, line 2a) . . . . . . . . . . . . . . . . . . . . . . . . . . . . . . . . . . . . . . 5 68","A For the 2018 calendar year, or tax year beginning , and ending",68,,Good match
Fox Cities Area WI_IRS 990_2018.pdf,Fox Cities Area WI,WI,2018,1,FALSE,"5 Total number of individuals employed in calendar year 2017 (Part V, line 2a) ~~~~~~~~~~~~~~~~ 5 0","A For the 2017 calendar year, or tax year beginning JUL 1, 2017 and ending JUN 30, 2018",0,"JUN 30, 2018",Good match
Fox Cities Area WI_IRS 990_2019.pdf,Fox Cities Area WI,WI,2019,1,FALSE,"5 Total number of individuals employed in calendar year 2018 (Part V, line 2a) ~~~~~~~~~~~~~~~~ 5 0","A For the 2018 calendar year, or tax year beginning JUL 1, 2018 and ending JUN 30, 2019",0,"JUN 30, 2019",Good match
Fox Valley IL_IRS 990_2019.pdf,Fox Valley IL,IL,2019,4,TRUE,"® | 2 Total number of individuals employed in calendar year 2018 (Part V, line 2a) 5 | 8","A For the 2018 calendar year, or tax year beginning JUL 1, 2018 andending JUN 30, 2019",8,"JUN 30, 2019",Good match
Franklin Co VA_IRS 990_2018.pdf,Franklin Co VA,VA,2018,2,TRUE,"| 5 Total number of individuals employed in calendar year 2017 (Part V, line Cae i ae eB 2","A_ For the 2017 calendar year, or tax year beginning Wale 1. , 2017, and ending Jun 30 , 2018",2,"Jun 30 , 2018",Good match
Frederick County MD_IRS 990_2019.pdf,Frederick County MD,MD,2019,3,FALSE,"5 Total number of individuals employed in calendar year 2018 (Part V, line 2a) . . . . . . . . . . . . . . . . . . . . . . . . . . . . . . . . . . 5 19","A For the 2018 calendar year, or tax year beginning07/01/18 , and ending 06/30/19",19,06/30/19,Good match
Fremont Area NE_IRS 990_2019.pdf,Fremont Area NE,NE,2019,1,TRUE,"S| 5 Total number of individuals employed in calendar year 2018 (PartV,line2a) 5 [7","A__ For the 2018 calendar year, or tax year beginning and ending |",7,,Good match
Gallatin Valley MT_IRS 990_2019.pdf,Gallatin Valley MT,MT,2019,4,FALSE,"5 Total number of individuals employed in calendar year 2018 (Part V, line 2a) . . . . . . . . . . . . . . . . . . . . . . . . . . 5 13","A For the 2018 calendar year, or tax year beginning 7/01 , 2018, and ending 6/30 , 2019",13,"6/30 , 2019",Good match
Gaston County NC_IRS 990_2019.pdf,Gaston County NC,NC,2019,8,FALSE,"5 Total number of individuals employed in calendar year 2018 (Part V, line 2a) . . . . . . . . . . . . . . . . . . . . . . . . . . 5 30","A For the 2018 calendar year, or tax year beginning 7/01 , 2018, and ending 6/30 , 2019",30,"6/30 , 2019",Good match
Genesee County MI_IRS 990_2019.pdf,Genesee County MI,MI,2019,1,FALSE,"5 Total number of individuals employed in calendar year 2018 (Part V, line 2a) . . . . . . . . . . . . . . . . . . . . . . . . . . . . . . . . . . 5 27","A For the 2018 calendar year, or tax year beginning07/01/18 , and ending 06/30/19",27,06/30/19,Good match
Georgetown County SC_IRS 990_2019.pdf,Georgetown County SC,SC,2019,1,FALSE,"5 Total number of individuals employed in calendar year 2018 (Part V, line 2a) . . . . . 5 10","A For the 2018 calendar year, or tax year beginning Jul 1 , 2018, and ending Jun 30 , 20 19",10,"Jun 30 , 2019",Good match
Grand Island Area NE_IRS 990_2019.pdf,Grand Island Area NE,NE,2019,2,TRUE,"® | 5 Total number of individuals employed in calendar year 2018 (Part V, line2a). tsti(‘i‘<‘<i<‘<;CSts*é*rSwS LL",NA,2,NA,Employment only match
Grayson County TX_IRS 990_2019.PDF,Grayson County TX,TX,2019,1,TRUE,"@ | & Total number of individuals employed in calendar year 2018 (Part V, line 2a) @ “mw. 5 | 7","A For the 2018 calendar year, or tax year beginning JUL 1, 2018 andending JUN 30, 2019",7,"JUN 30, 2019",Good match
Green Mountain VT_IRS 990_2019.pdf,Green Mountain VT,VT,2019,2,TRUE,"S 5 Total number of individuals employed in calendar year 2018 (PartV, line 2a) eee a 31",NA,31,NA,Employment only match
Greene County GA_IRS 990_2019.pdf,Greene County GA,GA,2019,5,FALSE,"5 Total number of individuals employed in calendar year 2018 (Part V, line 2a) . . . . . . . . . . . . . . . . . . . . . . . . . . . . . . . . . . . . . . .","A For the 2018 calendar year, or tax year beginning 07/01/18 , and ending 06/30/19",5,06/30/19,Good match
Greenville County SC_IRS 990_2019.pdf,Greenville County SC,SC,2019,1,TRUE,"= | 5 Total number of individuals employed in calendar year 2018 (Part V, line 28) cette | 5 | 72","A For the 2018 calendar year, or tax year beginning 07/01 18 andending 06/30/19 :",72,06/30/19,Good match
Greenville SC_IRS 990_2018.pdf,Greenville SC,SC,2018,1,FALSE,"5 Total number of individuals employed in calendar year 2017 (Part V, line 2a) . . . . . . . . . . . . . . . . . . . . . . . . . . . . . . . . . . . . . . 5 64","A For the 2017 calendar year, or tax year beginning 07/01/17 , and ending 06/30/18",64,06/30/18,Good match
Hanover VA_IRS 990_2019.pdf,Hanover VA,VA,2019,1,TRUE,"8 | S Total number of individuals employed in calendar year 2018 (Part V, line 2a) i ccececccecccecccce ees 5 19",NA,19,NA,Employment only match
Harvey County KS_IRS 990_2019.pdf,Harvey County KS,KS,2019,5,FALSE,"5 Total number of individuals employed in calendar year 2018 (Part V, line 2a) ~~~~~~~~~~~~~~~~ 5 0","A For the 2018 calendar year, or tax year beginning and ending",0,,Good match
Heart of Wyoming WY_IRS 990_2019.pdf,Heart of Wyoming WY,WY,2019,1,FALSE,"5 Total number of individuals employed in calendar year 2018 (Part V, line 2a) . . . . . . . . . . . . . . . . . . . . . . . . . . 5 8","A For the 2018 calendar year, or tax year beginning 7/01 , 2018, and ending 6/30 , 2019",8,"6/30 , 2019",Good match
Hiawathaland MI_IRS 990_2019.pdf,Hiawathaland MI,MI,2019,1,TRUE,"{| 5 Total number of individuals employed in calendar year 2018 (Part V, line2a) . . . . . | 5 | 6","A For the 2018 calendar year, or tax year beginning JULY 1 , 2018, and ending JUNE 30 ,20 19",6,"JUNE 30 ,2019",Good match
Hillsbrough County FL_IRS 990_2018.pdf,Hillsbrough County FL,FL,2018,1,FALSE,"5 Total number of individuals employed in calendar year 2017 (Part V, line 2a) . ................ 5 56","A For the 2017 calendar year, or tax year beginning 07-01 , 2017, and ending 06-30 , 20 18",56,"06-30 , 2018",Good match
Hood County TX_IRS 990_2019.pdf,Hood County TX,TX,2019,6,TRUE,"$ 5 Total number of individuals employed in calendar year 2018 (Part V, line 2a), | 5 0 ?","7 A For the 2018 calendar year, or tax year beginning 07/01/18 , andending 06/30/19",0,06/30/19,Good match
Horry County SC_IRS 990_2019.pdf,Horry County SC,SC,2019,1,FALSE,"5 Total number of individuals employed in calendar year 2018 (Part V, line 2a) . . . . . 5 33","A For the 2018 calendar year, or tax year beginning Jul 1 , 2018, and ending Jun 30 , 20 19",33,"Jun 30 , 2019",Good match
Houston TX_IRS 990_2019.pdf,Houston TX,TX,2019,1,FALSE,"5 Total number of individuals employed in calendar year 2018 (Part V, line 2a) . . . . . . . . . . . . . . . . . . . . . . . . . . 5 77","A For the 2018 calendar year, or tax year beginning , 2018, and ending ,",77,,Good match
Jackson Greater MI_IRS 990_2019.pdf,Jackson Greater MI,MI,2019,1,FALSE,"5 Total number of individuals employed in calendar year 2018 (Part V, line 2a) ................. 5 12","A For the 2018 calendar year, or tax year beginning 07-01 , 2018, and ending 06-30 , 20 19",12,"06-30 , 2019",Good match
Jacksonville FL_IRS 990_2019.pdf,Jacksonville FL,FL,2019,1,TRUE,": 5 Total number of individuals employed in calendar year 2018 (Part V, line 2a) a 5 | 75","A__For the 2018 calendar year, or tax year beginning 07/01/18 andending 06/30/19",75,06/30/19,Good match
Jonesboro Greater AR_IRS 990_2019.pdf,Jonesboro Greater AR,AR,2019,6,TRUE,"= 5 Total number of individuals employed in calendar year 2018 (PartV, line 2a) DR Sy eae 5 4","A_ For the 2018 calendar year, or tax year beginning , 2018, and ending , 20",4,", 20",Good match
Joplin Area MO_IRS 990_2019.pdf,Joplin Area MO,MO,2019,2,TRUE,"S| 5 Total number of individuals employed in calendar year 2018 (Part V, line zal ) - /s | 17","A For the 2018 calendar year, or tax year beginning O7/01/18 ,andending 06/30/19",17,06/30/19,Good match
Kanas City MO_IRS 990_2019.pdf,Kanas City MO,MO,2019,5,FALSE,"5 Total number of individuals employed in calendar year 2018 (Part V, line 2a) ~~~~~~~~~~~~~~~~ 5 90","A For the 2018 calendar year, or tax year beginning JUL 1, 2018 and ending JUN 30, 2019",90,"JUN 30, 2019",Good match
Kearney Area NE_IRS 990_2019.pdf,Kearney Area NE,NE,2019,1,FALSE,"5 Total number of individuals employed in calendar year 2018 (Part V, line 2a) ~~~~~~~~~~~~~~~~ 5 0","A For the 2018 calendar year, or tax year beginning JUL 1, 2018 and ending JUN 30, 2019",0,"JUN 30, 2019",Good match
Knoxville TN_IRS 990_2019.pdf,Knoxville TN,TN,2019,2,TRUE,"# | 5 Total number of individuals employed in calendar year 2018 (Part V, line 2a) oo oococoeccccccccccceceeeeee eee 5 | 40","A For the 2018 calendar year, or tax year beginning JUL 1, 2018 andending JUN 30, 2019",40,"JUN 30, 2019",Good match
La Pine Sunriver OR_IRS 990_2019.pdf,La Pine Sunriver OR,OR,2019,2,FALSE,"5 Total number of individuals employed in calendar year 2018 (Part V, line 2a) . . . . . . . . . . . . . . . . . . . . . . . . . . . . . . . . . . . . . . . 5 11","A For the 2018 calendar year, or tax year beginning 07/01/18 , and ending 06/30/19",11,06/30/19,Good match
Lafayette LA_IRS 990_2019.pdf,Lafayette LA,LA,2019,13,FALSE,"5 Total number of individuals employed in calendar year 2018 (Part V, line 2a) . . . . . . . . . . . . . . . . . . . . . . . . . . 5 26","A For the 2018 calendar year, or tax year beginning 7/01 , 2018, and ending 6/30 , 2019",26,"6/30 , 2019",Good match
Lake-Sumter FL_IRS 990_2019.pdf,Lake-Sumter FL,FL,2019,1,FALSE,"5 Total number of individuals employed in calendar year 2018 (Part V, line 2a) ................. 5 63","A For the 2018 calendar year, or tax year beginning 07-01 , 2018, and ending 06-30 , 20 19",63,"06-30 , 2019",Good match
Lake Agassiz MN_IRS 990_2019.pdf,Lake Agassiz MN,MN,2019,2,TRUE,"@| 5 Total number of individuals employed in calendar year 2018 (Part V, line 2a) 0) ee 5 | 12","A For the 2018 calendar year, or tax year beginning JUL 1, 2018 andending JUN 30, 2019",12,"JUN 30, 2019",Good match
Lakes Area MN_IRS 990_2019.pdf,Lakes Area MN,MN,2019,2,FALSE,"5 Total number of individuals employed in calendar year 2018 (Part V, line 2a) ~~~~~~~~~~~~~~~~ 5 17","A For the 2018 calendar year, or tax year beginning JUL 1, 2018 and ending JUN 30, 2019",17,"JUN 30, 2019",Good match
Lakeshore MI_IRS 990_2019.pdf,Lakeshore MI,MI,2019,1,FALSE,"5 Total number of individuals employed in calendar year 2018 (Part V, line 2a) . . . . . . . . . . . . . . . . . . . . . . . . . . . . . . . . . . 5 32","A For the 2018 calendar year, or tax year beginning07/01/18 , and ending 06/30/19",32,06/30/19,Good match
Lakeway Area TN_IRS 990_2019.pdf,Lakeway Area TN,TN,2019,4,FALSE,"5 Total number of individuals employed in calendar year 2018 (Part V, line 2a) . . . . . . . . . . . . . . . . . . . . . . . . . . . . . . . . . . 5 6","A For the 2018 calendar year, or tax year beginning07/01/18 , and ending 06/30/19",6,06/30/19,Good match
Laredo TX_IRS 990_2019.pdf,Laredo TX,TX,2019,2,FALSE,"5 Total number of individuals employed in calendar year 2018 (Part V, line 2a) . . . . . 5 15","A For the 2018 calendar year, or tax year beginning Jul 1 , 2018, and ending Jun 30 , 20 19",15,"Jun 30 , 2019",Good match
Lee & Hendry Counties FL_IRS 990_2019.pdf,Lee & Hendry Counties FL,FL,2019,1,TRUE,NA,"A For the 2018 calendar year, or tax year beginning OCT 1, 2018 andending SHP 30, 2019 ,",NA,"SHP 30, 2019",Date only match
Lenawee MI_IRS 990_2019.pdf,Lenawee MI,MI,2019,1,FALSE,"5 Total number of individuals employed in calendar year 2018 (Part V, line 2a) ................. 5 21","A For the 2018 calendar year, or tax year beginning 07-01 , 2018, and ending 06-30 , 20 19",21,"06-30 , 2019",Good match
Lexington KY_IRS 990_2019.pdf,Lexington KY,KY,2019,1,FALSE,"5 Total number of individuals employed in calendar year 2018 (Part V, line 2a) ~~~~~~~~~~~~~~~~ 5 101","A For the 2018 calendar year, or tax year beginning JUL 1, 2018 and ending JUN 30, 2019",101,"JUN 30, 2019",Good match
Loudon County TN_IRS 990_2019.pdf,Loudon County TN,TN,2019,7,FALSE,"5 Total number of individuals employed in calendar year 2018 (Part V, line 2a) . . . . . . . . . . . . . . . . . . . . . . . . . . . . . . . . . . . . . . . 5 17","A For the 2018 calendar year, or tax year beginning 07/01/18 , and ending 06/30/19",17,06/30/19,Good match
Loveland CO_IRS 990_2019.pdf,Loveland CO,CO,2019,1,FALSE,"5 Total number of individuals employed in calendar year 2018 (Part V, line 2a) ~~~~~~~~~~~~~~~~ 5 30","A For the 2018 calendar year, or tax year beginning JUL 1, 2018 and ending JUN 30, 2019",30,"JUN 30, 2019",Good match
Lycoming Greater PA_IRS 990_2018.pdf,Lycoming Greater PA,PA,2018,1,TRUE,"$ 5 Total number of individuals employed in calendar year 2018 (Part V, line 2a) {5 | 8","A For the 2018 calendar year, or tax year beginning 07/01/18 andending 06/30/19 |",8,06/30/19,Good match
Lycoming Greater PA_IRS 990_2019.pdf,Lycoming Greater PA,PA,2019,1,TRUE,"$ 5 Total number of individuals employed in calendar year 2018 (Part V, line 2a) {5 | 8","A For the 2018 calendar year, or tax year beginning 07/01/18 andending 06/30/19 |",8,06/30/19,Good match
Marquette County MI_IRS 990_2019.pdf,Marquette County MI,MI,2019,3,TRUE,"> | 5 Total number of individuals employed in calendar year 2018 (PartV, line 2a) ti istst—‘“‘“‘<‘<‘zw ‘iézSC@dYL OD","A__For the 2018 calendar year, or tax year beginning O7/O01/18 andending 06/30/19",5,06/30/19,Good match
Maui HI_IRS 990_2019.pdf,Maui HI,HI,2019,1,FALSE,"5 Total number of individuals employed in calendar year 2018 (Part V, line 2a) . . . . . . . . . . . . . . . . . . . . . . . . . . . . . . . . . . 5 20","A For the 2018 calendar year, or tax year beginning07/01/18 , and ending 06/30/19",20,06/30/19,Good match
McLean IL_IRS 990_2019.pdf,McLean IL,IL,2019,7,FALSE,"5 Total number of individuals employed in calendar year 2018 (Part V, line 2a) ~~~~~~~~~~~~~~~~ 5 27","A For the 2018 calendar year, or tax year beginning JUL 1, 2018 and ending JUN 30, 2019",27,"JUN 30, 2019",Good match
Memphis TN_IRS990_2018.pdf,Memphis TN,TN,2018,1,TRUE,"§ Total number of individuals employed in calendar year 2017 (Part V, Ime Za) | 44","A For the 2017 calendar year, or tax year beginning JUL 1, 2017 andending JUN 30, 2018",44,"JUN 30, 2018",Good match
Mesilla Valley NM_IRS 990_2018.pdf,Mesilla Valley NM,NM,2018,1,FALSE,"5 Total number of individuals employed in calendar year 2017 (Part V, line 2a) . . . . . . . . . . . . . . . . . . . . . . . . . . . . . . . . . . . . . . . . .","A For the 2017 calendar year, or tax year beginning 07/01/17 , and ending 06/30/18",2017,06/30/18,Good match
Metro Denver CO_IRS 990_2019.pdf,Metro Denver CO,CO,2019,1,TRUE,"~{| 5 Total number of individuals employed in calendar year 2018 (Part V, line 2a) ooo cc ceececeecssesseeseeenseseseen 5 210","A For the 2018 calendar year, or tax year beginning JUL 1, 2018 andending JUN 30, 2019",210,"JUN 30, 2019",Good match
Metro Louisville KY_IRS 990_2019.pdf,Metro Louisville KY,KY,2019,1,FALSE,"5 Total number of individuals employed in calendar year 2018 (Part V, line 2a) . . . . . . . . . . . . . . . . . . . . . . . . . . . . . . . . . . 5 73","A For the 2018 calendar year, or tax year beginning , and ending",73,,Good match
Metro Maryland MD_IRS 990_2019.pdf,Metro Maryland MD,MD,2019,1,TRUE,"2 5 Total number of individuals employed in calendar year 2018 (Part V, line 2a), s—(i‘“‘iwL ‘CSS *dL OTD",NA,5,NA,Employment only match
Miami Greater FL_IRS 990_2019.pdf,Miami Greater FL,FL,2019,6,FALSE,"5 Total number of individuals employed in calendar year 2018 (Part V, line 2a) ~~~~~~~~~~~~~~~~ 5 42","A For the 2018 calendar year, or tax year beginning JUL 1, 2018 and ending JUN 30, 2019",42,"JUN 30, 2019",Good match
Miami Shelby Counties OH_IRS 990_2019.pdf,Miami Shelby Counties OH,OH,2019,3,FALSE,"5 Total number of individuals employed in calendar year 2018 (Part V, line 2a) ......................................... 5 15","A For the 2018 calendar year, or tax year beginning 07/01/18 , and ending 06/30/19",15,06/30/19,Good match
Mid-Ohio Valley OH_IRS 990_2019.pdf,Mid-Ohio Valley OH,OH,2019,1,FALSE,"5 Total number of individuals employed in calendar year 2018 (Part V, line 2a) ................. 5 30","A For the 2018 calendar year, or tax year beginning 07-01 , 2018, and ending 06-30 , 20 19",30,"06-30 , 2019",Good match
MidOhio OH_IRS 990_2018.pdf,MidOhio OH,OH,2018,3,TRUE,"% | 5 Total number of individuals employed in calendar year 2017 (Part V, line PA cece veccueerevetesesecuaneneeenes 5 | 51","A For the 2017 calendar year, or tax year beginning JUL 1, 2017 andending JUN 30, 2018",51,"JUN 30, 2018",Good match
Milwaukee WI_IRS 990_2019.pdf,Milwaukee WI,WI,2019,1,FALSE,"5 Total number of individuals employed in calendar year 2018 (Part V, line 2a) ~~~~~~~~~~~~~~~~ 5 61","A For the 2018 calendar year, or tax year beginning JUL 1, 2018 and ending JUN 30, 2019",61,"JUN 30, 2019",Good match
Mississippi Capital Area MS_IRS 990_2019.pdf,Mississippi Capital Area MS,MS,2019,5,FALSE,"5 Total number of individuals employed in calendar year 2018 (Part V, line 2a) ~~~~~~~~~~~~~~~~ 5 20","A For the 2018 calendar year, or tax year beginning and ending",20,,Good match
Missoula MT_IRS 990_2019.pdf,Missoula MT,MT,2019,1,FALSE,"5 Total number of individuals employed in calendar year 2018 (Part V, line 2a) . . . . . . . . . . . . . . . . . . . . . . . . . . 5 16","A For the 2018 calendar year, or tax year beginning , 2018, and ending ,",16,,Good match
Mon Valley WV_IRS 990_2018.pdf,Mon Valley WV,WV,2018,1,TRUE,"8 | 5 Total number of individuals employed in calendar year 2017 (Part V, line 2a) a . - 7 5 12","A For the 2017 calendar year, or tax year beginning JUL 1, 2017 andending JUN 30, 2018",12,"JUN 30, 2018",Good match
Monterey Bay CA_IRS 990_2019.pdf,Monterey Bay CA,CA,2019,1,TRUE,"-2| 5 Total number of individuals employed in calendar year 2018 (Part V, line 2a)............. cece eee eee ee i | 36","A For the 2018 calendar year, or tax year beginning 7/01 , 2018, and ending 6/30 , 2019",36,"6/30 , 2019",Good match
Morris NJ_IRS 990_2019.pdf,Morris NJ,NJ,2019,3,FALSE,"5 Total number of individuals employed in calendar year 2018 (Part V, line 2a) ~~~~~~~~~~~~~~~~ 5 56","A For the 2018 calendar year, or tax year beginning and ending",56,,Good match
Nashville Greater TN_IRS 990_2019.pdf,Nashville Greater TN,TN,2019,2,TRUE,"” 5 Total number of individuals employed in calendar year 2018 (Part V,line2a) 5 | 67","A For the 2018 calendar year, or tax year beginning JUL 1, 2018 andending JUN 30, 2019",67,"JUN 30, 2019",Good match
New Horizons GA_IRS 990_2019.pdf,New Horizons GA,GA,2019,1,FALSE,"5 Total number of individuals employed in calendar year 2018 (Part V, line 2a) . . . . . . . . . . . . . . . . . . . . . . . . . . 5 10","A For the 2018 calendar year, or tax year beginning 7/01 , 2018, and ending 6/30 , 2019",10,"6/30 , 2019",Good match
Newark Greater NJ_IRS 990_2019.pdf,Newark Greater NJ,NJ,2019,6,FALSE,"5 Total number of individuals employed in calendar year 2018 (Part V, line 2a) ~~~~~~~~~~~~~~~~ 5 16","A For the 2018 calendar year, or tax year beginning JUL 1, 2018 and ending JUN 30, 2019",16,"JUN 30, 2019",Good match
Newaygo County MI_IRS 990_2019.pdf,Newaygo County MI,MI,2019,1,TRUE,"5 5 Total number of individuals employed in calendar year 2018 (PartV, line 2a) | 5 6","A For the 2018 calendar year, or tax year beginning 07/01/18 ,andending 06/30/19",6,06/30/19,Good match
Newburgh Greater NY_IRS 990_2019.pdf,Newburgh Greater NY,NY,2019,1,TRUE,"“+ 5 ‘Total number of individuals employed in calendar year 2018 (Part V,line2a) s—i‘(‘iéOCOSOSC;C‘C*d S&S 23",NA,23,NA,Employment only match
Newburgh NY_IRS 990_2018.pdf,Newburgh NY,NY,2018,1,TRUE,"@ {| & Total number of individuals employed in calendar year 2017 (Part V, fine 2a) occ ceccccceccecccccceec ce 5 | 23 ,",NA,23,NA,Employment only match
North Central Georgia GA_IRS 990_2019.pdf,North Central Georgia GA,GA,2019,1,TRUE,"= 5S Total number of individuals employed in calendar year 2018 (Part V, line 2a) _ a . . a — 5 | 16","A For the 2018 calendar year, or tax year beginning O7/01/18 andending 06/30/19",16,06/30/19,Good match
North Central Massachusetts MA_IRS 990_2019.pdf,North Central Massachusetts MA,MA,2019,9,FALSE,"5 Total number of individuals employed in calendar year 2018 (Part V, line 2a) . . . . . . . . . . . . . . . . . . . . . . . . . . . . . . . . . . . . . . . . . 5 18","A For the 2018 calendar year, or tax year beginning 07/01/18 , and ending 06/30/19",18,06/30/19,Good match
North St Louis MN_IRS 990_2019.pdf,North St Louis MN,MN,2019,1,TRUE,NA,"A For the 2018 calendar year, or tax year beginning 07/01/18 ,andending 06/30/19",NA,06/30/19,Date only match
Northeast Texas TX_IRS 990_2018.pdf,Northeast Texas TX,TX,2018,4,TRUE,"2} 5 Total number of individuals employed in calendar year 2017 (Part V, line 2a)........ 0... ccceeeeeeee | BY 19","A For the 2017 calendar year, or tax year beginning , 2017, and ending ’",19,,Good match
Northeast Texas TX_IRS 990_2019.pdf,Northeast Texas TX,TX,2019,3,FALSE,"5 Total number of individuals employed in calendar year 2018 (Part V, line 2a) . . . . . . . . . . . . . . . . . . . . . . . . . . 5 20","A For the 2018 calendar year, or tax year beginning , 2018, and ending ,",20,,Good match
Northern Fox Valley IL_IRS 990_2019.pdf,Northern Fox Valley IL,IL,2019,4,FALSE,"5 Total number of individuals employed in calendar year 2018 (Part V, line 2a) ~~~~~~~~~~~~~~~~ 5 51","A For the 2018 calendar year, or tax year beginning JUL 1, 2018 and ending JUN 30, 2019",51,"JUN 30, 2019",Multiple matches look the same - COLLAPSE
Northern Fox Valley IL_IRS 990_2019.pdf,Northern Fox Valley IL,IL,2019,67,FALSE,"5 Total number of individuals employed in calendar year 2018 (Part V, line 2a) ~~~~~~~~~~~~~~~~ 5 51","A For the 2018 calendar year, or tax year beginning JUL 1, 2018 and ending JUN 30, 2019",51,"JUN 30, 2019",Multiple matches look the same - COLLAPSE
Northern Ocean NJ_IRS 990_2019.pdf,Northern Ocean NJ,NJ,2019,1,TRUE,"<3| 5 Total number of individuals employed in calendar year 2018 (Part V, line 2a)........... 0.0.0.0 cece eee | 5 | 40","A For the 2018 calendar year, or tax year beginning 7/01 , 2018, and ending 6/30 , 2019",40,"6/30 , 2019",Good match
Northern Utah UT_IRS 990_2019.pdf,Northern Utah UT,UT,2019,1,TRUE,"S| & Total number of individuals employed in calendar year 2048 (Part, line Za) s| 2",NA,2,NA,Employment only match
Northwest Indiana IN_IRS 990_2019.pdf,Northwest Indiana IN,IN,2019,1,TRUE,"@ | & Total number of individuals employed in calendar year 2018 (Part V, line 2a) ieececcccce cee. 5 | 37","A For the 2018 calendar year, or tax year beginning JUL 1, 2018 andending JUN 30, 2019",37,"JUN 30, 2019",Good match
Northwest Metro Atlanta GA_IRS 990_2019.pdf,Northwest Metro Atlanta GA,GA,2019,4,TRUE,NA,"A For the 2018 calendar year, or tax year beginning , 2018, and ending , 20",NA,", 20",Date only match
Northwest Michigan MI_IRS 990_2019.pdf,Northwest Michigan MI,MI,2019,4,TRUE,"S| 5 Total number of individuals employed in calendar year 2018 (PartV, line2a) ~——<C<C‘ Wk | 22","' A_ For the 2018 calendar year, or tax year beginning 07/01/18 andending 06/30/19 |",22,06/30/19,Good match
Northwoods MN_IRS 990_2019.pdf,Northwoods MN,MN,2019,1,TRUE,"% | 5 Total number of individuals employed in calendar year 2018 (Part V, line 2a) ooo oocclceeeocecececeeeeceeees ae | 5",NA,5,NA,Employment only match
Oakland County MI_IRS 990_2019.pdf,Oakland County MI,MI,2019,1,TRUE,"@ | & Total number of individuals employed in calendar year 2018 (Part V, line 2a) cece cece. 5 | 72","A For the 2018 calendar year, or tax year beginning and ending",72,,Good match
Oneida County NY_IRS 990_2019.pdf,Oneida County NY,NY,2019,1,FALSE,"5 Total number of individuals employed in calendar year 2018 (Part V, line 2a) . . . . . 5","A For the 2018 calendar year, or tax year beginning Jul 1 , 2018, and ending Jun 30 , 20 19",5,"Jun 30 , 2019",Good match
Ontario County NY_IRS 990_2019.pdf,Ontario County NY,NY,2019,1,TRUE,"“| 5 Total number of individuals employed in calendar year 2018 (Part V, line 2a) ce 5 | 10","A For the 2018 calendar year, or tax year beginning JUL 1, 2018 andending JUN 30, 2019",10,"JUN 30, 2019",Good match
Orange Co CA_ IRS 990 _ 2018.pdf,Orange Co CA,CA,2018,1,TRUE,"E 5 Total number of individuals employed in calendar year 2017 (Part V, line 2a) . . .« «© «© « 5 81","A For the 2017 calendar year, or tax year beginning 07-01-2017 , and ending 06-30-2018",81,06-30-2018,Good match
Orange Co CA_IRS 990 _ 2017.pdf,Orange Co CA,CA,2017,1,TRUE,"E 5 Total number of individuals employed in calendar year 2016 (Part V, line 2a) . .«. « «© « | 5 | 84","A For the 2016 calendar year, or tax year beginning 07-01-2016 , and ending 06-30-2017",84,06-30-2017,Good match
Orange Co NC_IRS 990_2019.pdf,Orange Co NC,NC,2019,2,FALSE,"5 Total number of individuals employed in calendar year 2018 (Part V, line 2a) ~~~~~~~~~~~~~~~~ 5 23","A For the 2018 calendar year, or tax year beginning JUL 1, 2018 and ending JUN 30, 2019",23,"JUN 30, 2019",Good match
Orlando & Osceola Counties FL_IRS 990_2019.pdf,Orlando & Osceola Counties FL,FL,2019,2,FALSE,"5 Total number of individuals employed in calendar year 2018 (Part V, line 2a) mmmmmmmmmmmmmmmmmmm 5 74.","A For the 2018 calendar year, or tax year beginning",74,A For the 2018,Good match
Otsego County MI_IRS 990_2019.pdf,Otsego County MI,MI,2019,5,FALSE,"5 Total number of individuals employed in calendar year 2018 (Part V, line 2a) . . . . . . . . . . . . . . . . . . . . . . . . . . . . . . . . . . 5 17","A For the 2018 calendar year, or tax year beginning07/01/18 , and ending 06/30/19",17,06/30/19,Good match
Palm Beach County FL_IRS 990_2019.pdf,Palm Beach County FL,FL,2019,1,TRUE,"2} 5S Total number of individuals employed in calendar year 2018 (Part V, line 2a)... . | 5 | 79","A For the 2018 calendar year, or tax year beginning 07/01 , 2018, and ending 06/30 7 ,20 19",79,"06/30 7 ,2019",Good match
Paterson NJ_IRS 990_2019.pdf,Paterson NJ,NJ,2019,1,FALSE,"5 Total number of individuals employed in calendar year 2018 (Part V, line 2a) ~~~~~~~~~~~~~~~~ 5 28","A For the 2018 calendar year, or tax year beginning JUL 1, 2018 and ending JUN 30, 2019",28,"JUN 30, 2019",Good match
Peninsula Greater Williamsburg VA_IRS 990_2019.pdf,Peninsula Greater Williamsburg VA,VA,2019,1,TRUE,"5 5 Total number of individuals employed in calendar year 2018 (Part V, line 2a) | 5 | 101","A For the 2018 calendar year, or tax year beginning 07/01/18 andending 06/30/19",101,06/30/19,Good match
Philadelphia PA_IRS 990_2019.pdf,Philadelphia PA,PA,2019,8,TRUE,"% 5 Total number of individuals employed in calendar year 2018 (Part V, line 2a) ——seSsSsSsiai 5 | 56","A For the 2018 calendar year, or tax year beginning JUL 1, 2018 andending JUN 30, 2019",56,"JUN 30, 2019",Good match
Pickens County SC_IRS 990_2019.pdf,Pickens County SC,SC,2019,2,FALSE,"5 Total number of individuals employed in calendar year 2018 (Part V, line 2a) ................. 5 19","A For the 2018 calendar year, or tax year beginning , 2018, and ending , 20",19,", 20",Good match
Piedmont VA_IRS 990_2019.pdf,Piedmont VA,VA,2019,3,TRUE,"» | § Total number of individuals employed in calendar year 2018 (Part V, line 2a) st i sssts—s—‘s‘“s—s—sCSYT SSS 10",NA,10,NA,Employment only match
Pikes Peak CO_IRS 990_2019.pdf,Pikes Peak CO,CO,2019,1,FALSE,"5 Total number of individuals employed in calendar year 2018 (Part V, line 2a) ~~~~~~~~~~~~~~~~ 5 40","A For the 2018 calendar year, or tax year beginning JUL 1, 2018 and ending JUN 30, 2019",40,"JUN 30, 2019",Good match
Pinellas and West Pasco Counties_IRS 990_2019.pdf,Pinellas and West Pasco Counties,es,2019,1,FALSE,"5 Total number of individuals employed in calendar year 2018 (Part V, line 2a) . . . . . . . . . . . . . . . . . . . . . . . . . . . . . . . . . . . . . .","A For the 2018 calendar year, or tax year beginning 07/01/18 , and ending 06/30/19",5,06/30/19,Good match
Pittsburg Greater PA_IRS 990_2019.pdf,Pittsburg Greater PA,PA,2019,2,FALSE,"5 Total number of individuals employed in calendar year 2018 (Part V, line 2a) ~~~~~~~~~~~~~~~~ 5 15","A For the 2018 calendar year, or tax year beginning JUL 1, 2018 and ending JUN 30, 2019",15,"JUN 30, 2019",Good match
Putnam County IN_IRS 990_2019.pdf,Putnam County IN,IN,2019,1,FALSE,"5 Total number of individuals employed in calendar year 2018 (Part V, line 2a) ......................................... 5 2","A For the 2018 calendar year, or tax year beginning 07/01/18 , and ending 06/30/19",2,06/30/19,Good match
Quad Cities IA_IRS 990_2019.pdf,Quad Cities IA,IA,2019,9,FALSE,"5 Total number of individuals employed in calendar year 2018 (Part V, line 2a) . . . . . . . . . . . . . . . . . . . . . . . . . . 5 0","A For the 2018 calendar year, or tax year beginning 7/01 , 2018, and ending 6/30 , 2019",0,"6/30 , 2019",Multiple matches look the same - COLLAPSE
Quad Cities IA_IRS 990_2019.pdf,Quad Cities IA,IA,2019,45,FALSE,"5 Total number of individuals employed in calendar year 2018 (Part V, line 2a) . . . . . . . . . . . . . . . . . . . . . . . . . . 5 0","A For the 2018 calendar year, or tax year beginning 7/01 , 2018, and ending 6/30 , 2019",0,"6/30 , 2019",Multiple matches look the same - COLLAPSE
Rhode Island South County RI_IRS 990_2019.pdf,Rhode Island South County RI,RI,2019,3,TRUE,"2} 5 Total number of individuals employed in calendar year 2018 (Part V, line 2a) . . . . . 14","A For the 2018 calendar year, or tax year beginning Jul 1 , 2018, and ending Jun 30 , 2019",14,"Jun 30 , 2019",Good match
Richmond Metropolitan VA_IRS 990_2019.pdf,Richmond Metropolitan VA,VA,2019,1,FALSE,"5 Total number of individuals employed in calendar year 2018 (Part V, line 2a) ~~~~~~~~~~~~~~~~ 5 71","A For the 2018 calendar year, or tax year beginning JUL 1, 2018 and ending JUN 30, 2019",71,"JUN 30, 2019",Good match
River City MO_IRS 990_2019.pdf,River City MO,MO,2019,1,TRUE,"- Bf} & Total number of individuals employed in calendar year 2018 (PartV,line2a) ss ti‘SOCSCSC‘C*d SY 6",NA,6,NA,Employment only match
Roanoke Valley VA_IRS 990_2019.pdf,Roanoke Valley VA,VA,2019,2,TRUE,"= § Total number of individuals employed in calendar year 2018 (Part V, line 2a) ....0. 6.00... ceca eee eee | 5 | 94","A For the 2018 calendar year, or tax year beginning 7/01 , 2018, and ending 6/30 — » 2019",94,6/30 — » 2019,Good match
Rockbridge Area VA_IRS 990_2019.pdf,Rockbridge Area VA,VA,2019,1,FALSE,"5 Total number of individuals employed in calendar year 2018 (Part V, line 2a) . . . . . . . . . . . . . . . . . . . . . . . . . . . . . . . . . . . . . . 5 12","A For the 2018 calendar year, or tax year beginning 07/01/18 , and ending 06/30/19",12,06/30/19,Good match
Rockford Area IL_IRS 990_2019.pdf,Rockford Area IL,IL,2019,1,FALSE,"5 Total number of individuals employed in calendar year 2018 (Part V, line 2a) . . . . . . . . . . . . . . . . . . . . . . . . . . . . . . . . . . . . . . 5 25","A For the 2018 calendar year, or tax year beginning , and ending",25,,Good match
Sacramento Greater CA_IRS 990_2018.pdf,Sacramento Greater CA,CA,2018,2,TRUE,"2 5 Total number of individuals employed in calendar year 2017 (Part V, line 2a)...........0...00....0005. | 5 DT",NA,5,NA,Employment only match
Sacramento Greater CA_IRS 990_2019.pdf,Sacramento Greater CA,CA,2019,2,TRUE,"s=| 5 Total number of individuals employed in calendar year 2018 (Part V, line 28.0... i & | | 31","A For the 2018 calendar year, or tax year beginning 7 /O1 _ , 2018, and ending 6/ 30 —» 2019 __",31,6/ 30 —» 2019,Good match
Saginaw-Shiwassee MI_IRS 990_2018.pdf,Saginaw-Shiwassee MI,MI,2018,1,TRUE,"E 5 Total number of individuals employed in calendar year 2017 (Part V, line 2a) . . .« «© «© « 5 23","A For the 2017 calendar year, or tax year beginning 07-01-2017 , and ending 06-30-2018",23,06-30-2018,Good match
Saline County AR_IRS 990_2018.pdf,Saline County AR,AR,2018,3,FALSE,"5 Total number of individuals employed in calendar year 2017 (Part V, line 2a) . . . . . . . . . . . . . . . . . . . . . . . . . . . . . . . . . . 5 16","A For the 2017 calendar year, or tax year beginning07/01/17 , and ending 06/30/18",16,06/30/18,Good match
Saline County AR_IRS 990_2019.pdf,Saline County AR,AR,2019,1,FALSE,"5 Total number of individuals employed in calendar year 2018 (Part V, line 2a) . ................ 5 15","A For the 2018 calendar year, or tax year beginning 07-01 , 2018, and ending 06-30 , 20 19",15,"06-30 , 2019",Good match
San Angelo TX_IRS 990_2018.pdf,San Angelo TX,TX,2018,1,FALSE,"5 Total number of individuals employed in calendar year 2017 (Part V, line 2a) . . . . . 5 5","A For the 2017 calendar year, or tax year beginning Jul 1 , 2017, and ending Jun 30 , 20 18",5,"Jun 30 , 2018",Good match
Sangamon County IL_IRS 990_2019.pdf,Sangamon County IL,IL,2019,6,FALSE,"5 Total number of individuals employed in calendar year 2018 (Part V, line 2a) ~~~~~~~~~~~~~~~~ 5 29","A For the 2018 calendar year, or tax year beginning JUL 1, 2018 and ending JUN 30, 2019",29,"JUN 30, 2019",Good match
Staunton-Augusta-Waynesboro VA_IRS 990_2019.pdf,Staunton-Augusta-Waynesboro VA,VA,2019,1,FALSE,"5 Total number of individuals employed in calendar year 2018 (Part V, line 2a) . . . . . . . . . . . . . . . . . . . . . . . . . . . . . . . . . . . . . . . 5 27","A For the 2018 calendar year, or tax year beginning 07/01/18 , and ending 06/30/19",27,06/30/19,Good match
Summit Country OH_IRS 990_2019.pdf,Summit Country OH,OH,2019,1,TRUE,"¥ 5 Total number of individuals employed in calendar year 2018 (Part V, line2a) eee | 41",NA,41,NA,Employment only match
Transylvania NC_IRS 990_2019.pdf,Transylvania NC,NC,2019,1,TRUE,"| 5 Total number of individuals employed in calendar year 2018 (PartV, line2a) | 5 | 14","A For the 2018 calendar year, or tax year beginning 07/01/18 .andending 06/30/19",14,06/30/19,Good match
Upper Cumberland TN_IRS 990_2019.pdf,Upper Cumberland TN,TN,2019,3,FALSE,"5 Total number of individuals employed in calendar year 2018 (Part V, line 2a) . . . . . . . . . . . . . . . . . . . . . . . . . . . . . . . . . . . . . . 5 18","A For the 2018 calendar year, or tax year beginning 07/01/18 , and ending 06/30/19",18,06/30/19,Good match
Upper Valley VT_IRS 990_2019.pdf,Upper Valley VT,VT,2019,1,FALSE,"5 Total number of individuals employed in calendar year 2018 (Part V, line 2a) . . . . . . . . . . . 5 . . . . . . . . . . 9. . . .","A For the 2018 calendar year, or tax year beginning 7/1/2018 , and ending 6/30/2019",9,6/30/2019,Good match
Willaimette West OR_IRS 990_2019.pdf,Willaimette West OR,OR,2019,1,FALSE,"5 Total number of individuals employed in calendar year 2018 (Part V, line 2a) ~~~~~~~~~~~~~~~~ 5 18","A For the 2018 calendar year, or tax year beginning JUL 1, 2018 and ending JUN 30, 2019",18,"JUN 30, 2019",Good match
Williamson County TX_IRS 990_2019.pdf,Williamson County TX,TX,2019,1,TRUE,"=| 5 Total number of individuals employed in calendar year 2018 (Part V, line 2a) Ga. ... | 5 | 14","A For the 2018 calendar year, or tax year beginning Jul 1 , 2018, and ending Jun 30 ,2019",14,"Jun 30 ,2019",Good match
Anchorage AK_IRS 990_2019.pdf,NA,NA,NA,NA,NA,NA,NA,NA,NA,No match
Goldsboro Wayne NC_IRS 990_2019.pdf,NA,NA,NA,NA,NA,NA,NA,NA,NA,No match
MidOhio OH_IRS 990_2019.pdf,NA,NA,NA,NA,NA,NA,NA,NA,NA,No match
Monroe County IN_IRS 990_2019.pdf,NA,NA,NA,NA,NA,NA,NA,NA,NA,No match
Northern Lights ND_IRS 990 EZ_2019.pdf,NA,NA,NA,NA,NA,NA,NA,NA,NA,No match
St Louis MO_IRS 990_2018.pdf,NA,NA,NA,NA,NA,NA,NA,NA,NA,No match
